Process No.,Matrix 1,Matrix 2,Result
4,"[[4 2 1 3 3 5 4 5 9 1 2 8 2 7 4 6]
 [7 6 6 9 3 8 8 4 9 2 8 8 3 4 8 2]
 [5 3 2 1 9 1 2 1 9 7 3 1 2 7 5 3]
 [4 5 8 1 5 2 1 3 3 7 1 6 1 2 7 4]
 [9 5 9 6 5 1 5 3 1 6 5 8 3 7 4 9]
 [7 7 6 7 4 5 3 4 3 1 3 3 3 1 1 1]
 [8 5 3 9 5 5 2 5 9 9 8 1 1 2 5 3]
 [5 6 1 6 7 8 9 9 1 7 7 1 7 2 3 1]
 [6 5 8 8 6 2 8 7 1 3 1 5 9 9 3 2]
 [4 4 3 1 8 3 9 8 5 9 3 7 5 7 2 4]
 [6 3 4 3 3 9 6 9 3 7 5 4 3 7 4 6]
 [7 7 9 1 2 3 5 8 2 9 4 8 7 4 4 3]
 [8 4 6 3 2 9 6 7 7 6 3 5 3 9 2 9]
 [7 5 9 7 6 9 1 5 6 9 7 2 4 8 3 1]
 [9 7 1 2 2 4 4 3 6 8 6 1 5 1 2 9]
 [7 4 9 5 1 1 5 9 3 2 6 5 6 4 4 2]]","[[3 8 5 5 4 4 1 6 1 6 2 8 5 7 4 2]
 [1 3 1 2 1 5 9 9 3 5 1 4 4 4 7 5]
 [1 6 8 7 9 2 6 9 6 1 7 7 6 3 6 5]
 [6 2 8 9 3 5 4 3 2 1 1 3 6 7 2 4]
 [6 4 1 6 5 8 4 8 3 5 1 2 6 5 2 3]
 [3 9 8 2 9 2 7 5 9 2 6 5 4 4 3 4]
 [4 7 6 8 6 6 2 7 2 5 8 4 3 5 6 9]
 [5 6 2 8 4 5 7 1 4 4 9 2 8 1 7 9]
 [7 5 9 4 9 7 1 9 1 8 8 2 6 1 4 8]
 [9 2 2 1 7 8 3 1 6 9 8 5 2 6 8 3]
 [8 7 4 1 2 1 5 1 9 8 6 6 5 5 9 5]
 [1 6 4 2 4 7 4 8 9 8 9 9 3 1 9 6]
 [2 7 9 8 7 2 4 3 3 7 4 7 6 3 6 3]
 [5 8 8 6 7 2 8 3 3 1 9 1 6 9 6 5]
 [8 6 1 4 7 1 3 5 1 3 2 7 4 3 8 7]
 [9 4 9 2 1 7 3 9 1 9 9 8 5 8 7 7]]","[[328. 398. 348. 295.   0.   0.   0.   0.   0.   0.   0.   0.   0.   0.
    0.   0.]
 [458. 554. 489. 452.   0.   0.   0.   0.   0.   0.   0.   0.   0.   0.
    0.   0.]
 [289. 340. 300. 341.   0.   0.   0.   0.   0.   0.   0.   0.   0.   0.
    0.   0.]
 [250. 333. 375. 249.   0.   0.   0.   0.   0.   0.   0.   0.   0.   0.
    0.   0.]
 [  0.   0.   0.   0.   0.   0.   0.   0.   0.   0.   0.   0.   0.   0.
    0.   0.]
 [  0.   0.   0.   0.   0.   0.   0.   0.   0.   0.   0.   0.   0.   0.
    0.   0.]
 [  0.   0.   0.   0.   0.   0.   0.   0.   0.   0.   0.   0.   0.   0.
    0.   0.]
 [  0.   0.   0.   0.   0.   0.   0.   0.   0.   0.   0.   0.   0.   0.
    0.   0.]
 [  0.   0.   0.   0.   0.   0.   0.   0.   0.   0.   0.   0.   0.   0.
    0.   0.]
 [  0.   0.   0.   0.   0.   0.   0.   0.   0.   0.   0.   0.   0.   0.
    0.   0.]
 [  0.   0.   0.   0.   0.   0.   0.   0.   0.   0.   0.   0.   0.   0.
    0.   0.]
 [  0.   0.   0.   0.   0.   0.   0.   0.   0.   0.   0.   0.   0.   0.
    0.   0.]
 [  0.   0.   0.   0.   0.   0.   0.   0.   0.   0.   0.   0.   0.   0.
    0.   0.]
 [  0.   0.   0.   0.   0.   0.   0.   0.   0.   0.   0.   0.   0.   0.
    0.   0.]
 [  0.   0.   0.   0.   0.   0.   0.   0.   0.   0.   0.   0.   0.   0.
    0.   0.]
 [  0.   0.   0.   0.   0.   0.   0.   0.   0.   0.   0.   0.   0.   0.
    0.   0.]]"
4,"[[4 2 1 3 3 5 4 5 9 1 2 8 2 7 4 6]
 [7 6 6 9 3 8 8 4 9 2 8 8 3 4 8 2]
 [5 3 2 1 9 1 2 1 9 7 3 1 2 7 5 3]
 [4 5 8 1 5 2 1 3 3 7 1 6 1 2 7 4]
 [9 5 9 6 5 1 5 3 1 6 5 8 3 7 4 9]
 [7 7 6 7 4 5 3 4 3 1 3 3 3 1 1 1]
 [8 5 3 9 5 5 2 5 9 9 8 1 1 2 5 3]
 [5 6 1 6 7 8 9 9 1 7 7 1 7 2 3 1]
 [6 5 8 8 6 2 8 7 1 3 1 5 9 9 3 2]
 [4 4 3 1 8 3 9 8 5 9 3 7 5 7 2 4]
 [6 3 4 3 3 9 6 9 3 7 5 4 3 7 4 6]
 [7 7 9 1 2 3 5 8 2 9 4 8 7 4 4 3]
 [8 4 6 3 2 9 6 7 7 6 3 5 3 9 2 9]
 [7 5 9 7 6 9 1 5 6 9 7 2 4 8 3 1]
 [9 7 1 2 2 4 4 3 6 8 6 1 5 1 2 9]
 [7 4 9 5 1 1 5 9 3 2 6 5 6 4 4 2]]","[[3 8 5 5 4 4 1 6 1 6 2 8 5 7 4 2]
 [1 3 1 2 1 5 9 9 3 5 1 4 4 4 7 5]
 [1 6 8 7 9 2 6 9 6 1 7 7 6 3 6 5]
 [6 2 8 9 3 5 4 3 2 1 1 3 6 7 2 4]
 [6 4 1 6 5 8 4 8 3 5 1 2 6 5 2 3]
 [3 9 8 2 9 2 7 5 9 2 6 5 4 4 3 4]
 [4 7 6 8 6 6 2 7 2 5 8 4 3 5 6 9]
 [5 6 2 8 4 5 7 1 4 4 9 2 8 1 7 9]
 [7 5 9 4 9 7 1 9 1 8 8 2 6 1 4 8]
 [9 2 2 1 7 8 3 1 6 9 8 5 2 6 8 3]
 [8 7 4 1 2 1 5 1 9 8 6 6 5 5 9 5]
 [1 6 4 2 4 7 4 8 9 8 9 9 3 1 9 6]
 [2 7 9 8 7 2 4 3 3 7 4 7 6 3 6 3]
 [5 8 8 6 7 2 8 3 3 1 9 1 6 9 6 5]
 [8 6 1 4 7 1 3 5 1 3 2 7 4 3 8 7]
 [9 4 9 2 1 7 3 9 1 9 9 8 5 8 7 7]]","[[  0.   0.   0.   0. 317. 310. 326. 400.   0.   0.   0.   0.   0.   0.
    0.   0.]
 [  0.   0.   0.   0. 524. 422. 415. 561.   0.   0.   0.   0.   0.   0.
    0.   0.]
 [  0.   0.   0.   0. 354. 242. 245. 352.   0.   0.   0.   0.   0.   0.
    0.   0.]
 [  0.   0.   0.   0. 282. 255. 250. 264.   0.   0.   0.   0.   0.   0.
    0.   0.]
 [  0.   0.   0.   0.   0.   0.   0.   0.   0.   0.   0.   0.   0.   0.
    0.   0.]
 [  0.   0.   0.   0.   0.   0.   0.   0.   0.   0.   0.   0.   0.   0.
    0.   0.]
 [  0.   0.   0.   0.   0.   0.   0.   0.   0.   0.   0.   0.   0.   0.
    0.   0.]
 [  0.   0.   0.   0.   0.   0.   0.   0.   0.   0.   0.   0.   0.   0.
    0.   0.]
 [  0.   0.   0.   0.   0.   0.   0.   0.   0.   0.   0.   0.   0.   0.
    0.   0.]
 [  0.   0.   0.   0.   0.   0.   0.   0.   0.   0.   0.   0.   0.   0.
    0.   0.]
 [  0.   0.   0.   0.   0.   0.   0.   0.   0.   0.   0.   0.   0.   0.
    0.   0.]
 [  0.   0.   0.   0.   0.   0.   0.   0.   0.   0.   0.   0.   0.   0.
    0.   0.]
 [  0.   0.   0.   0.   0.   0.   0.   0.   0.   0.   0.   0.   0.   0.
    0.   0.]
 [  0.   0.   0.   0.   0.   0.   0.   0.   0.   0.   0.   0.   0.   0.
    0.   0.]
 [  0.   0.   0.   0.   0.   0.   0.   0.   0.   0.   0.   0.   0.   0.
    0.   0.]
 [  0.   0.   0.   0.   0.   0.   0.   0.   0.   0.   0.   0.   0.   0.
    0.   0.]]"
4,"[[4 2 1 3 3 5 4 5 9 1 2 8 2 7 4 6]
 [7 6 6 9 3 8 8 4 9 2 8 8 3 4 8 2]
 [5 3 2 1 9 1 2 1 9 7 3 1 2 7 5 3]
 [4 5 8 1 5 2 1 3 3 7 1 6 1 2 7 4]
 [9 5 9 6 5 1 5 3 1 6 5 8 3 7 4 9]
 [7 7 6 7 4 5 3 4 3 1 3 3 3 1 1 1]
 [8 5 3 9 5 5 2 5 9 9 8 1 1 2 5 3]
 [5 6 1 6 7 8 9 9 1 7 7 1 7 2 3 1]
 [6 5 8 8 6 2 8 7 1 3 1 5 9 9 3 2]
 [4 4 3 1 8 3 9 8 5 9 3 7 5 7 2 4]
 [6 3 4 3 3 9 6 9 3 7 5 4 3 7 4 6]
 [7 7 9 1 2 3 5 8 2 9 4 8 7 4 4 3]
 [8 4 6 3 2 9 6 7 7 6 3 5 3 9 2 9]
 [7 5 9 7 6 9 1 5 6 9 7 2 4 8 3 1]
 [9 7 1 2 2 4 4 3 6 8 6 1 5 1 2 9]
 [7 4 9 5 1 1 5 9 3 2 6 5 6 4 4 2]]","[[3 8 5 5 4 4 1 6 1 6 2 8 5 7 4 2]
 [1 3 1 2 1 5 9 9 3 5 1 4 4 4 7 5]
 [1 6 8 7 9 2 6 9 6 1 7 7 6 3 6 5]
 [6 2 8 9 3 5 4 3 2 1 1 3 6 7 2 4]
 [6 4 1 6 5 8 4 8 3 5 1 2 6 5 2 3]
 [3 9 8 2 9 2 7 5 9 2 6 5 4 4 3 4]
 [4 7 6 8 6 6 2 7 2 5 8 4 3 5 6 9]
 [5 6 2 8 4 5 7 1 4 4 9 2 8 1 7 9]
 [7 5 9 4 9 7 1 9 1 8 8 2 6 1 4 8]
 [9 2 2 1 7 8 3 1 6 9 8 5 2 6 8 3]
 [8 7 4 1 2 1 5 1 9 8 6 6 5 5 9 5]
 [1 6 4 2 4 7 4 8 9 8 9 9 3 1 9 6]
 [2 7 9 8 7 2 4 3 3 7 4 7 6 3 6 3]
 [5 8 8 6 7 2 8 3 3 1 9 1 6 9 6 5]
 [8 6 1 4 7 1 3 5 1 3 2 7 4 3 8 7]
 [9 4 9 2 1 7 3 9 1 9 9 8 5 8 7 7]]","[[  0.   0.   0.   0.   0.   0.   0.   0.   0.   0.   0.   0. 328. 267.
  421. 343.]
 [  0.   0.   0.   0.   0.   0.   0.   0.   0.   0.   0.   0. 480. 401.
  561. 484.]
 [  0.   0.   0.   0.   0.   0.   0.   0.   0.   0.   0.   0. 305. 314.
  329. 311.]
 [  0.   0.   0.   0.   0.   0.   0.   0.   0.   0.   0.   0. 276. 260.
  333. 338.]
 [  0.   0.   0.   0.   0.   0.   0.   0.   0.   0.   0.   0.   0.   0.
    0.   0.]
 [  0.   0.   0.   0.   0.   0.   0.   0.   0.   0.   0.   0.   0.   0.
    0.   0.]
 [  0.   0.   0.   0.   0.   0.   0.   0.   0.   0.   0.   0.   0.   0.
    0.   0.]
 [  0.   0.   0.   0.   0.   0.   0.   0.   0.   0.   0.   0.   0.   0.
    0.   0.]
 [  0.   0.   0.   0.   0.   0.   0.   0.   0.   0.   0.   0.   0.   0.
    0.   0.]
 [  0.   0.   0.   0.   0.   0.   0.   0.   0.   0.   0.   0.   0.   0.
    0.   0.]
 [  0.   0.   0.   0.   0.   0.   0.   0.   0.   0.   0.   0.   0.   0.
    0.   0.]
 [  0.   0.   0.   0.   0.   0.   0.   0.   0.   0.   0.   0.   0.   0.
    0.   0.]
 [  0.   0.   0.   0.   0.   0.   0.   0.   0.   0.   0.   0.   0.   0.
    0.   0.]
 [  0.   0.   0.   0.   0.   0.   0.   0.   0.   0.   0.   0.   0.   0.
    0.   0.]
 [  0.   0.   0.   0.   0.   0.   0.   0.   0.   0.   0.   0.   0.   0.
    0.   0.]
 [  0.   0.   0.   0.   0.   0.   0.   0.   0.   0.   0.   0.   0.   0.
    0.   0.]]"
4,"[[4 2 1 3 3 5 4 5 9 1 2 8 2 7 4 6]
 [7 6 6 9 3 8 8 4 9 2 8 8 3 4 8 2]
 [5 3 2 1 9 1 2 1 9 7 3 1 2 7 5 3]
 [4 5 8 1 5 2 1 3 3 7 1 6 1 2 7 4]
 [9 5 9 6 5 1 5 3 1 6 5 8 3 7 4 9]
 [7 7 6 7 4 5 3 4 3 1 3 3 3 1 1 1]
 [8 5 3 9 5 5 2 5 9 9 8 1 1 2 5 3]
 [5 6 1 6 7 8 9 9 1 7 7 1 7 2 3 1]
 [6 5 8 8 6 2 8 7 1 3 1 5 9 9 3 2]
 [4 4 3 1 8 3 9 8 5 9 3 7 5 7 2 4]
 [6 3 4 3 3 9 6 9 3 7 5 4 3 7 4 6]
 [7 7 9 1 2 3 5 8 2 9 4 8 7 4 4 3]
 [8 4 6 3 2 9 6 7 7 6 3 5 3 9 2 9]
 [7 5 9 7 6 9 1 5 6 9 7 2 4 8 3 1]
 [9 7 1 2 2 4 4 3 6 8 6 1 5 1 2 9]
 [7 4 9 5 1 1 5 9 3 2 6 5 6 4 4 2]]","[[3 8 5 5 4 4 1 6 1 6 2 8 5 7 4 2]
 [1 3 1 2 1 5 9 9 3 5 1 4 4 4 7 5]
 [1 6 8 7 9 2 6 9 6 1 7 7 6 3 6 5]
 [6 2 8 9 3 5 4 3 2 1 1 3 6 7 2 4]
 [6 4 1 6 5 8 4 8 3 5 1 2 6 5 2 3]
 [3 9 8 2 9 2 7 5 9 2 6 5 4 4 3 4]
 [4 7 6 8 6 6 2 7 2 5 8 4 3 5 6 9]
 [5 6 2 8 4 5 7 1 4 4 9 2 8 1 7 9]
 [7 5 9 4 9 7 1 9 1 8 8 2 6 1 4 8]
 [9 2 2 1 7 8 3 1 6 9 8 5 2 6 8 3]
 [8 7 4 1 2 1 5 1 9 8 6 6 5 5 9 5]
 [1 6 4 2 4 7 4 8 9 8 9 9 3 1 9 6]
 [2 7 9 8 7 2 4 3 3 7 4 7 6 3 6 3]
 [5 8 8 6 7 2 8 3 3 1 9 1 6 9 6 5]
 [8 6 1 4 7 1 3 5 1 3 2 7 4 3 8 7]
 [9 4 9 2 1 7 3 9 1 9 9 8 5 8 7 7]]","[[  0.   0.   0.   0.   0.   0.   0.   0. 226. 323. 306. 329.   0.   0.
    0.   0.]
 [  0.   0.   0.   0.   0.   0.   0.   0. 354. 470. 572. 481.   0.   0.
    0.   0.]
 [  0.   0.   0.   0.   0.   0.   0.   0. 237. 271. 301. 333.   0.   0.
    0.   0.]
 [  0.   0.   0.   0.   0.   0.   0.   0. 236. 315. 378. 283.   0.   0.
    0.   0.]
 [  0.   0.   0.   0.   0.   0.   0.   0.   0.   0.   0.   0.   0.   0.
    0.   0.]
 [  0.   0.   0.   0.   0.   0.   0.   0.   0.   0.   0.   0.   0.   0.
    0.   0.]
 [  0.   0.   0.   0.   0.   0.   0.   0.   0.   0.   0.   0.   0.   0.
    0.   0.]
 [  0.   0.   0.   0.   0.   0.   0.   0.   0.   0.   0.   0.   0.   0.
    0.   0.]
 [  0.   0.   0.   0.   0.   0.   0.   0.   0.   0.   0.   0.   0.   0.
    0.   0.]
 [  0.   0.   0.   0.   0.   0.   0.   0.   0.   0.   0.   0.   0.   0.
    0.   0.]
 [  0.   0.   0.   0.   0.   0.   0.   0.   0.   0.   0.   0.   0.   0.
    0.   0.]
 [  0.   0.   0.   0.   0.   0.   0.   0.   0.   0.   0.   0.   0.   0.
    0.   0.]
 [  0.   0.   0.   0.   0.   0.   0.   0.   0.   0.   0.   0.   0.   0.
    0.   0.]
 [  0.   0.   0.   0.   0.   0.   0.   0.   0.   0.   0.   0.   0.   0.
    0.   0.]
 [  0.   0.   0.   0.   0.   0.   0.   0.   0.   0.   0.   0.   0.   0.
    0.   0.]
 [  0.   0.   0.   0.   0.   0.   0.   0.   0.   0.   0.   0.   0.   0.
    0.   0.]]"
4,"[[4 2 1 3 3 5 4 5 9 1 2 8 2 7 4 6]
 [7 6 6 9 3 8 8 4 9 2 8 8 3 4 8 2]
 [5 3 2 1 9 1 2 1 9 7 3 1 2 7 5 3]
 [4 5 8 1 5 2 1 3 3 7 1 6 1 2 7 4]
 [9 5 9 6 5 1 5 3 1 6 5 8 3 7 4 9]
 [7 7 6 7 4 5 3 4 3 1 3 3 3 1 1 1]
 [8 5 3 9 5 5 2 5 9 9 8 1 1 2 5 3]
 [5 6 1 6 7 8 9 9 1 7 7 1 7 2 3 1]
 [6 5 8 8 6 2 8 7 1 3 1 5 9 9 3 2]
 [4 4 3 1 8 3 9 8 5 9 3 7 5 7 2 4]
 [6 3 4 3 3 9 6 9 3 7 5 4 3 7 4 6]
 [7 7 9 1 2 3 5 8 2 9 4 8 7 4 4 3]
 [8 4 6 3 2 9 6 7 7 6 3 5 3 9 2 9]
 [7 5 9 7 6 9 1 5 6 9 7 2 4 8 3 1]
 [9 7 1 2 2 4 4 3 6 8 6 1 5 1 2 9]
 [7 4 9 5 1 1 5 9 3 2 6 5 6 4 4 2]]","[[3 8 5 5 4 4 1 6 1 6 2 8 5 7 4 2]
 [1 3 1 2 1 5 9 9 3 5 1 4 4 4 7 5]
 [1 6 8 7 9 2 6 9 6 1 7 7 6 3 6 5]
 [6 2 8 9 3 5 4 3 2 1 1 3 6 7 2 4]
 [6 4 1 6 5 8 4 8 3 5 1 2 6 5 2 3]
 [3 9 8 2 9 2 7 5 9 2 6 5 4 4 3 4]
 [4 7 6 8 6 6 2 7 2 5 8 4 3 5 6 9]
 [5 6 2 8 4 5 7 1 4 4 9 2 8 1 7 9]
 [7 5 9 4 9 7 1 9 1 8 8 2 6 1 4 8]
 [9 2 2 1 7 8 3 1 6 9 8 5 2 6 8 3]
 [8 7 4 1 2 1 5 1 9 8 6 6 5 5 9 5]
 [1 6 4 2 4 7 4 8 9 8 9 9 3 1 9 6]
 [2 7 9 8 7 2 4 3 3 7 4 7 6 3 6 3]
 [5 8 8 6 7 2 8 3 3 1 9 1 6 9 6 5]
 [8 6 1 4 7 1 3 5 1 3 2 7 4 3 8 7]
 [9 4 9 2 1 7 3 9 1 9 9 8 5 8 7 7]]","[[  0.   0.   0.   0.   0.   0.   0.   0.   0.   0.   0.   0.   0.   0.
    0.   0.]
 [  0.   0.   0.   0.   0.   0.   0.   0.   0.   0.   0.   0.   0.   0.
    0.   0.]
 [  0.   0.   0.   0.   0.   0.   0.   0.   0.   0.   0.   0.   0.   0.
    0.   0.]
 [  0.   0.   0.   0.   0.   0.   0.   0.   0.   0.   0.   0.   0.   0.
    0.   0.]
 [  0.   0.   0.   0.   0.   0.   0.   0. 362. 470. 478. 420.   0.   0.
    0.   0.]
 [  0.   0.   0.   0.   0.   0.   0.   0. 184. 286. 331. 328.   0.   0.
    0.   0.]
 [  0.   0.   0.   0.   0.   0.   0.   0. 253. 350. 415. 434.   0.   0.
    0.   0.]
 [  0.   0.   0.   0.   0.   0.   0.   0. 328. 375. 391. 392.   0.   0.
    0.   0.]
 [  0.   0.   0.   0.   0.   0.   0.   0.   0.   0.   0.   0.   0.   0.
    0.   0.]
 [  0.   0.   0.   0.   0.   0.   0.   0.   0.   0.   0.   0.   0.   0.
    0.   0.]
 [  0.   0.   0.   0.   0.   0.   0.   0.   0.   0.   0.   0.   0.   0.
    0.   0.]
 [  0.   0.   0.   0.   0.   0.   0.   0.   0.   0.   0.   0.   0.   0.
    0.   0.]
 [  0.   0.   0.   0.   0.   0.   0.   0.   0.   0.   0.   0.   0.   0.
    0.   0.]
 [  0.   0.   0.   0.   0.   0.   0.   0.   0.   0.   0.   0.   0.   0.
    0.   0.]
 [  0.   0.   0.   0.   0.   0.   0.   0.   0.   0.   0.   0.   0.   0.
    0.   0.]
 [  0.   0.   0.   0.   0.   0.   0.   0.   0.   0.   0.   0.   0.   0.
    0.   0.]]"
4,"[[4 2 1 3 3 5 4 5 9 1 2 8 2 7 4 6]
 [7 6 6 9 3 8 8 4 9 2 8 8 3 4 8 2]
 [5 3 2 1 9 1 2 1 9 7 3 1 2 7 5 3]
 [4 5 8 1 5 2 1 3 3 7 1 6 1 2 7 4]
 [9 5 9 6 5 1 5 3 1 6 5 8 3 7 4 9]
 [7 7 6 7 4 5 3 4 3 1 3 3 3 1 1 1]
 [8 5 3 9 5 5 2 5 9 9 8 1 1 2 5 3]
 [5 6 1 6 7 8 9 9 1 7 7 1 7 2 3 1]
 [6 5 8 8 6 2 8 7 1 3 1 5 9 9 3 2]
 [4 4 3 1 8 3 9 8 5 9 3 7 5 7 2 4]
 [6 3 4 3 3 9 6 9 3 7 5 4 3 7 4 6]
 [7 7 9 1 2 3 5 8 2 9 4 8 7 4 4 3]
 [8 4 6 3 2 9 6 7 7 6 3 5 3 9 2 9]
 [7 5 9 7 6 9 1 5 6 9 7 2 4 8 3 1]
 [9 7 1 2 2 4 4 3 6 8 6 1 5 1 2 9]
 [7 4 9 5 1 1 5 9 3 2 6 5 6 4 4 2]]","[[3 8 5 5 4 4 1 6 1 6 2 8 5 7 4 2]
 [1 3 1 2 1 5 9 9 3 5 1 4 4 4 7 5]
 [1 6 8 7 9 2 6 9 6 1 7 7 6 3 6 5]
 [6 2 8 9 3 5 4 3 2 1 1 3 6 7 2 4]
 [6 4 1 6 5 8 4 8 3 5 1 2 6 5 2 3]
 [3 9 8 2 9 2 7 5 9 2 6 5 4 4 3 4]
 [4 7 6 8 6 6 2 7 2 5 8 4 3 5 6 9]
 [5 6 2 8 4 5 7 1 4 4 9 2 8 1 7 9]
 [7 5 9 4 9 7 1 9 1 8 8 2 6 1 4 8]
 [9 2 2 1 7 8 3 1 6 9 8 5 2 6 8 3]
 [8 7 4 1 2 1 5 1 9 8 6 6 5 5 9 5]
 [1 6 4 2 4 7 4 8 9 8 9 9 3 1 9 6]
 [2 7 9 8 7 2 4 3 3 7 4 7 6 3 6 3]
 [5 8 8 6 7 2 8 3 3 1 9 1 6 9 6 5]
 [8 6 1 4 7 1 3 5 1 3 2 7 4 3 8 7]
 [9 4 9 2 1 7 3 9 1 9 9 8 5 8 7 7]]","[[  0.   0.   0.   0.   0.   0.   0.   0.   0.   0.   0.   0.   0.   0.
    0.   0.]
 [  0.   0.   0.   0.   0.   0.   0.   0.   0.   0.   0.   0.   0.   0.
    0.   0.]
 [  0.   0.   0.   0.   0.   0.   0.   0.   0.   0.   0.   0.   0.   0.
    0.   0.]
 [  0.   0.   0.   0.   0.   0.   0.   0.   0.   0.   0.   0.   0.   0.
    0.   0.]
 [  0.   0.   0.   0.   0.   0.   0.   0.   0.   0.   0.   0. 435. 371.
  468. 460.]
 [  0.   0.   0.   0.   0.   0.   0.   0.   0.   0.   0.   0. 271. 264.
  385. 349.]
 [  0.   0.   0.   0.   0.   0.   0.   0.   0.   0.   0.   0. 417. 360.
  499. 439.]
 [  0.   0.   0.   0.   0.   0.   0.   0.   0.   0.   0.   0. 404. 409.
  467. 427.]
 [  0.   0.   0.   0.   0.   0.   0.   0.   0.   0.   0.   0.   0.   0.
    0.   0.]
 [  0.   0.   0.   0.   0.   0.   0.   0.   0.   0.   0.   0.   0.   0.
    0.   0.]
 [  0.   0.   0.   0.   0.   0.   0.   0.   0.   0.   0.   0.   0.   0.
    0.   0.]
 [  0.   0.   0.   0.   0.   0.   0.   0.   0.   0.   0.   0.   0.   0.
    0.   0.]
 [  0.   0.   0.   0.   0.   0.   0.   0.   0.   0.   0.   0.   0.   0.
    0.   0.]
 [  0.   0.   0.   0.   0.   0.   0.   0.   0.   0.   0.   0.   0.   0.
    0.   0.]
 [  0.   0.   0.   0.   0.   0.   0.   0.   0.   0.   0.   0.   0.   0.
    0.   0.]
 [  0.   0.   0.   0.   0.   0.   0.   0.   0.   0.   0.   0.   0.   0.
    0.   0.]]"
4,"[[4 2 1 3 3 5 4 5 9 1 2 8 2 7 4 6]
 [7 6 6 9 3 8 8 4 9 2 8 8 3 4 8 2]
 [5 3 2 1 9 1 2 1 9 7 3 1 2 7 5 3]
 [4 5 8 1 5 2 1 3 3 7 1 6 1 2 7 4]
 [9 5 9 6 5 1 5 3 1 6 5 8 3 7 4 9]
 [7 7 6 7 4 5 3 4 3 1 3 3 3 1 1 1]
 [8 5 3 9 5 5 2 5 9 9 8 1 1 2 5 3]
 [5 6 1 6 7 8 9 9 1 7 7 1 7 2 3 1]
 [6 5 8 8 6 2 8 7 1 3 1 5 9 9 3 2]
 [4 4 3 1 8 3 9 8 5 9 3 7 5 7 2 4]
 [6 3 4 3 3 9 6 9 3 7 5 4 3 7 4 6]
 [7 7 9 1 2 3 5 8 2 9 4 8 7 4 4 3]
 [8 4 6 3 2 9 6 7 7 6 3 5 3 9 2 9]
 [7 5 9 7 6 9 1 5 6 9 7 2 4 8 3 1]
 [9 7 1 2 2 4 4 3 6 8 6 1 5 1 2 9]
 [7 4 9 5 1 1 5 9 3 2 6 5 6 4 4 2]]","[[3 8 5 5 4 4 1 6 1 6 2 8 5 7 4 2]
 [1 3 1 2 1 5 9 9 3 5 1 4 4 4 7 5]
 [1 6 8 7 9 2 6 9 6 1 7 7 6 3 6 5]
 [6 2 8 9 3 5 4 3 2 1 1 3 6 7 2 4]
 [6 4 1 6 5 8 4 8 3 5 1 2 6 5 2 3]
 [3 9 8 2 9 2 7 5 9 2 6 5 4 4 3 4]
 [4 7 6 8 6 6 2 7 2 5 8 4 3 5 6 9]
 [5 6 2 8 4 5 7 1 4 4 9 2 8 1 7 9]
 [7 5 9 4 9 7 1 9 1 8 8 2 6 1 4 8]
 [9 2 2 1 7 8 3 1 6 9 8 5 2 6 8 3]
 [8 7 4 1 2 1 5 1 9 8 6 6 5 5 9 5]
 [1 6 4 2 4 7 4 8 9 8 9 9 3 1 9 6]
 [2 7 9 8 7 2 4 3 3 7 4 7 6 3 6 3]
 [5 8 8 6 7 2 8 3 3 1 9 1 6 9 6 5]
 [8 6 1 4 7 1 3 5 1 3 2 7 4 3 8 7]
 [9 4 9 2 1 7 3 9 1 9 9 8 5 8 7 7]]","[[  0.   0.   0.   0.   0.   0.   0.   0.   0.   0.   0.   0.   0.   0.
    0.   0.]
 [  0.   0.   0.   0.   0.   0.   0.   0.   0.   0.   0.   0.   0.   0.
    0.   0.]
 [  0.   0.   0.   0.   0.   0.   0.   0.   0.   0.   0.   0.   0.   0.
    0.   0.]
 [  0.   0.   0.   0.   0.   0.   0.   0.   0.   0.   0.   0.   0.   0.
    0.   0.]
 [440. 497. 484. 420.   0.   0.   0.   0.   0.   0.   0.   0.   0.   0.
    0.   0.]
 [290. 344. 317. 318.   0.   0.   0.   0.   0.   0.   0.   0.   0.   0.
    0.   0.]
 [463. 465. 408. 432.   0.   0.   0.   0.   0.   0.   0.   0.   0.   0.
    0.   0.]
 [369. 480. 426. 310.   0.   0.   0.   0.   0.   0.   0.   0.   0.   0.
    0.   0.]
 [  0.   0.   0.   0.   0.   0.   0.   0.   0.   0.   0.   0.   0.   0.
    0.   0.]
 [  0.   0.   0.   0.   0.   0.   0.   0.   0.   0.   0.   0.   0.   0.
    0.   0.]
 [  0.   0.   0.   0.   0.   0.   0.   0.   0.   0.   0.   0.   0.   0.
    0.   0.]
 [  0.   0.   0.   0.   0.   0.   0.   0.   0.   0.   0.   0.   0.   0.
    0.   0.]
 [  0.   0.   0.   0.   0.   0.   0.   0.   0.   0.   0.   0.   0.   0.
    0.   0.]
 [  0.   0.   0.   0.   0.   0.   0.   0.   0.   0.   0.   0.   0.   0.
    0.   0.]
 [  0.   0.   0.   0.   0.   0.   0.   0.   0.   0.   0.   0.   0.   0.
    0.   0.]
 [  0.   0.   0.   0.   0.   0.   0.   0.   0.   0.   0.   0.   0.   0.
    0.   0.]]"
4,"[[4 2 1 3 3 5 4 5 9 1 2 8 2 7 4 6]
 [7 6 6 9 3 8 8 4 9 2 8 8 3 4 8 2]
 [5 3 2 1 9 1 2 1 9 7 3 1 2 7 5 3]
 [4 5 8 1 5 2 1 3 3 7 1 6 1 2 7 4]
 [9 5 9 6 5 1 5 3 1 6 5 8 3 7 4 9]
 [7 7 6 7 4 5 3 4 3 1 3 3 3 1 1 1]
 [8 5 3 9 5 5 2 5 9 9 8 1 1 2 5 3]
 [5 6 1 6 7 8 9 9 1 7 7 1 7 2 3 1]
 [6 5 8 8 6 2 8 7 1 3 1 5 9 9 3 2]
 [4 4 3 1 8 3 9 8 5 9 3 7 5 7 2 4]
 [6 3 4 3 3 9 6 9 3 7 5 4 3 7 4 6]
 [7 7 9 1 2 3 5 8 2 9 4 8 7 4 4 3]
 [8 4 6 3 2 9 6 7 7 6 3 5 3 9 2 9]
 [7 5 9 7 6 9 1 5 6 9 7 2 4 8 3 1]
 [9 7 1 2 2 4 4 3 6 8 6 1 5 1 2 9]
 [7 4 9 5 1 1 5 9 3 2 6 5 6 4 4 2]]","[[3 8 5 5 4 4 1 6 1 6 2 8 5 7 4 2]
 [1 3 1 2 1 5 9 9 3 5 1 4 4 4 7 5]
 [1 6 8 7 9 2 6 9 6 1 7 7 6 3 6 5]
 [6 2 8 9 3 5 4 3 2 1 1 3 6 7 2 4]
 [6 4 1 6 5 8 4 8 3 5 1 2 6 5 2 3]
 [3 9 8 2 9 2 7 5 9 2 6 5 4 4 3 4]
 [4 7 6 8 6 6 2 7 2 5 8 4 3 5 6 9]
 [5 6 2 8 4 5 7 1 4 4 9 2 8 1 7 9]
 [7 5 9 4 9 7 1 9 1 8 8 2 6 1 4 8]
 [9 2 2 1 7 8 3 1 6 9 8 5 2 6 8 3]
 [8 7 4 1 2 1 5 1 9 8 6 6 5 5 9 5]
 [1 6 4 2 4 7 4 8 9 8 9 9 3 1 9 6]
 [2 7 9 8 7 2 4 3 3 7 4 7 6 3 6 3]
 [5 8 8 6 7 2 8 3 3 1 9 1 6 9 6 5]
 [8 6 1 4 7 1 3 5 1 3 2 7 4 3 8 7]
 [9 4 9 2 1 7 3 9 1 9 9 8 5 8 7 7]]","[[  0.   0.   0.   0.   0.   0.   0.   0.   0.   0.   0.   0.   0.   0.
    0.   0.]
 [  0.   0.   0.   0.   0.   0.   0.   0.   0.   0.   0.   0.   0.   0.
    0.   0.]
 [  0.   0.   0.   0.   0.   0.   0.   0.   0.   0.   0.   0.   0.   0.
    0.   0.]
 [  0.   0.   0.   0.   0.   0.   0.   0.   0.   0.   0.   0.   0.   0.
    0.   0.]
 [  0.   0.   0.   0.   0.   0.   0.   0.   0.   0.   0.   0.   0.   0.
    0.   0.]
 [  0.   0.   0.   0.   0.   0.   0.   0.   0.   0.   0.   0.   0.   0.
    0.   0.]
 [  0.   0.   0.   0.   0.   0.   0.   0.   0.   0.   0.   0.   0.   0.
    0.   0.]
 [  0.   0.   0.   0.   0.   0.   0.   0.   0.   0.   0.   0.   0.   0.
    0.   0.]
 [  0.   0.   0.   0.   0.   0.   0.   0. 297. 420. 423. 414.   0.   0.
    0.   0.]
 [  0.   0.   0.   0.   0.   0.   0.   0. 354. 456. 465. 401.   0.   0.
    0.   0.]
 [  0.   0.   0.   0.   0.   0.   0.   0. 332. 446. 515. 393.   0.   0.
    0.   0.]
 [  0.   0.   0.   0.   0.   0.   0.   0. 337. 415. 462. 455.   0.   0.
    0.   0.]
 [  0.   0.   0.   0.   0.   0.   0.   0.   0.   0.   0.   0.   0.   0.
    0.   0.]
 [  0.   0.   0.   0.   0.   0.   0.   0.   0.   0.   0.   0.   0.   0.
    0.   0.]
 [  0.   0.   0.   0.   0.   0.   0.   0.   0.   0.   0.   0.   0.   0.
    0.   0.]
 [  0.   0.   0.   0.   0.   0.   0.   0.   0.   0.   0.   0.   0.   0.
    0.   0.]]"
4,"[[4 2 1 3 3 5 4 5 9 1 2 8 2 7 4 6]
 [7 6 6 9 3 8 8 4 9 2 8 8 3 4 8 2]
 [5 3 2 1 9 1 2 1 9 7 3 1 2 7 5 3]
 [4 5 8 1 5 2 1 3 3 7 1 6 1 2 7 4]
 [9 5 9 6 5 1 5 3 1 6 5 8 3 7 4 9]
 [7 7 6 7 4 5 3 4 3 1 3 3 3 1 1 1]
 [8 5 3 9 5 5 2 5 9 9 8 1 1 2 5 3]
 [5 6 1 6 7 8 9 9 1 7 7 1 7 2 3 1]
 [6 5 8 8 6 2 8 7 1 3 1 5 9 9 3 2]
 [4 4 3 1 8 3 9 8 5 9 3 7 5 7 2 4]
 [6 3 4 3 3 9 6 9 3 7 5 4 3 7 4 6]
 [7 7 9 1 2 3 5 8 2 9 4 8 7 4 4 3]
 [8 4 6 3 2 9 6 7 7 6 3 5 3 9 2 9]
 [7 5 9 7 6 9 1 5 6 9 7 2 4 8 3 1]
 [9 7 1 2 2 4 4 3 6 8 6 1 5 1 2 9]
 [7 4 9 5 1 1 5 9 3 2 6 5 6 4 4 2]]","[[3 8 5 5 4 4 1 6 1 6 2 8 5 7 4 2]
 [1 3 1 2 1 5 9 9 3 5 1 4 4 4 7 5]
 [1 6 8 7 9 2 6 9 6 1 7 7 6 3 6 5]
 [6 2 8 9 3 5 4 3 2 1 1 3 6 7 2 4]
 [6 4 1 6 5 8 4 8 3 5 1 2 6 5 2 3]
 [3 9 8 2 9 2 7 5 9 2 6 5 4 4 3 4]
 [4 7 6 8 6 6 2 7 2 5 8 4 3 5 6 9]
 [5 6 2 8 4 5 7 1 4 4 9 2 8 1 7 9]
 [7 5 9 4 9 7 1 9 1 8 8 2 6 1 4 8]
 [9 2 2 1 7 8 3 1 6 9 8 5 2 6 8 3]
 [8 7 4 1 2 1 5 1 9 8 6 6 5 5 9 5]
 [1 6 4 2 4 7 4 8 9 8 9 9 3 1 9 6]
 [2 7 9 8 7 2 4 3 3 7 4 7 6 3 6 3]
 [5 8 8 6 7 2 8 3 3 1 9 1 6 9 6 5]
 [8 6 1 4 7 1 3 5 1 3 2 7 4 3 8 7]
 [9 4 9 2 1 7 3 9 1 9 9 8 5 8 7 7]]","[[  0.   0.   0.   0.   0.   0.   0.   0.   0.   0.   0.   0.   0.   0.
    0.   0.]
 [  0.   0.   0.   0.   0.   0.   0.   0.   0.   0.   0.   0.   0.   0.
    0.   0.]
 [  0.   0.   0.   0.   0.   0.   0.   0.   0.   0.   0.   0.   0.   0.
    0.   0.]
 [  0.   0.   0.   0.   0.   0.   0.   0.   0.   0.   0.   0.   0.   0.
    0.   0.]
 [  0.   0.   0.   0.   0.   0.   0.   0.   0.   0.   0.   0.   0.   0.
    0.   0.]
 [  0.   0.   0.   0.   0.   0.   0.   0.   0.   0.   0.   0.   0.   0.
    0.   0.]
 [  0.   0.   0.   0.   0.   0.   0.   0.   0.   0.   0.   0.   0.   0.
    0.   0.]
 [  0.   0.   0.   0.   0.   0.   0.   0.   0.   0.   0.   0.   0.   0.
    0.   0.]
 [  0.   0.   0.   0. 385. 387. 335. 440.   0.   0.   0.   0.   0.   0.
    0.   0.]
 [  0.   0.   0.   0. 458. 367. 346. 468.   0.   0.   0.   0.   0.   0.
    0.   0.]
 [  0.   0.   0.   0. 426. 325. 379. 421.   0.   0.   0.   0.   0.   0.
    0.   0.]
 [  0.   0.   0.   0. 485. 390. 378. 493.   0.   0.   0.   0.   0.   0.
    0.   0.]
 [  0.   0.   0.   0.   0.   0.   0.   0.   0.   0.   0.   0.   0.   0.
    0.   0.]
 [  0.   0.   0.   0.   0.   0.   0.   0.   0.   0.   0.   0.   0.   0.
    0.   0.]
 [  0.   0.   0.   0.   0.   0.   0.   0.   0.   0.   0.   0.   0.   0.
    0.   0.]
 [  0.   0.   0.   0.   0.   0.   0.   0.   0.   0.   0.   0.   0.   0.
    0.   0.]]"
4,"[[4 2 1 3 3 5 4 5 9 1 2 8 2 7 4 6]
 [7 6 6 9 3 8 8 4 9 2 8 8 3 4 8 2]
 [5 3 2 1 9 1 2 1 9 7 3 1 2 7 5 3]
 [4 5 8 1 5 2 1 3 3 7 1 6 1 2 7 4]
 [9 5 9 6 5 1 5 3 1 6 5 8 3 7 4 9]
 [7 7 6 7 4 5 3 4 3 1 3 3 3 1 1 1]
 [8 5 3 9 5 5 2 5 9 9 8 1 1 2 5 3]
 [5 6 1 6 7 8 9 9 1 7 7 1 7 2 3 1]
 [6 5 8 8 6 2 8 7 1 3 1 5 9 9 3 2]
 [4 4 3 1 8 3 9 8 5 9 3 7 5 7 2 4]
 [6 3 4 3 3 9 6 9 3 7 5 4 3 7 4 6]
 [7 7 9 1 2 3 5 8 2 9 4 8 7 4 4 3]
 [8 4 6 3 2 9 6 7 7 6 3 5 3 9 2 9]
 [7 5 9 7 6 9 1 5 6 9 7 2 4 8 3 1]
 [9 7 1 2 2 4 4 3 6 8 6 1 5 1 2 9]
 [7 4 9 5 1 1 5 9 3 2 6 5 6 4 4 2]]","[[3 8 5 5 4 4 1 6 1 6 2 8 5 7 4 2]
 [1 3 1 2 1 5 9 9 3 5 1 4 4 4 7 5]
 [1 6 8 7 9 2 6 9 6 1 7 7 6 3 6 5]
 [6 2 8 9 3 5 4 3 2 1 1 3 6 7 2 4]
 [6 4 1 6 5 8 4 8 3 5 1 2 6 5 2 3]
 [3 9 8 2 9 2 7 5 9 2 6 5 4 4 3 4]
 [4 7 6 8 6 6 2 7 2 5 8 4 3 5 6 9]
 [5 6 2 8 4 5 7 1 4 4 9 2 8 1 7 9]
 [7 5 9 4 9 7 1 9 1 8 8 2 6 1 4 8]
 [9 2 2 1 7 8 3 1 6 9 8 5 2 6 8 3]
 [8 7 4 1 2 1 5 1 9 8 6 6 5 5 9 5]
 [1 6 4 2 4 7 4 8 9 8 9 9 3 1 9 6]
 [2 7 9 8 7 2 4 3 3 7 4 7 6 3 6 3]
 [5 8 8 6 7 2 8 3 3 1 9 1 6 9 6 5]
 [8 6 1 4 7 1 3 5 1 3 2 7 4 3 8 7]
 [9 4 9 2 1 7 3 9 1 9 9 8 5 8 7 7]]","[[  0.   0.   0.   0.   0.   0.   0.   0.   0.   0.   0.   0.   0.   0.
    0.   0.]
 [  0.   0.   0.   0.   0.   0.   0.   0.   0.   0.   0.   0.   0.   0.
    0.   0.]
 [  0.   0.   0.   0.   0.   0.   0.   0.   0.   0.   0.   0.   0.   0.
    0.   0.]
 [  0.   0.   0.   0.   0.   0.   0.   0.   0.   0.   0.   0.   0.   0.
    0.   0.]
 [  0.   0.   0.   0.   0.   0.   0.   0.   0.   0.   0.   0.   0.   0.
    0.   0.]
 [  0.   0.   0.   0.   0.   0.   0.   0.   0.   0.   0.   0.   0.   0.
    0.   0.]
 [  0.   0.   0.   0.   0.   0.   0.   0.   0.   0.   0.   0.   0.   0.
    0.   0.]
 [  0.   0.   0.   0.   0.   0.   0.   0.   0.   0.   0.   0.   0.   0.
    0.   0.]
 [  0.   0.   0.   0.   0.   0.   0.   0.   0.   0.   0.   0.   0.   0.
    0.   0.]
 [  0.   0.   0.   0.   0.   0.   0.   0.   0.   0.   0.   0.   0.   0.
    0.   0.]
 [  0.   0.   0.   0.   0.   0.   0.   0.   0.   0.   0.   0.   0.   0.
    0.   0.]
 [  0.   0.   0.   0.   0.   0.   0.   0.   0.   0.   0.   0.   0.   0.
    0.   0.]
 [  0.   0.   0.   0. 470. 413. 397. 475.   0.   0.   0.   0.   0.   0.
    0.   0.]
 [  0.   0.   0.   0. 493. 377. 372. 498.   0.   0.   0.   0.   0.   0.
    0.   0.]
 [  0.   0.   0.   0. 336. 311. 316. 391.   0.   0.   0.   0.   0.   0.
    0.   0.]
 [  0.   0.   0.   0. 440. 310. 295. 431.   0.   0.   0.   0.   0.   0.
    0.   0.]]"
4,"[[4 2 1 3 3 5 4 5 9 1 2 8 2 7 4 6]
 [7 6 6 9 3 8 8 4 9 2 8 8 3 4 8 2]
 [5 3 2 1 9 1 2 1 9 7 3 1 2 7 5 3]
 [4 5 8 1 5 2 1 3 3 7 1 6 1 2 7 4]
 [9 5 9 6 5 1 5 3 1 6 5 8 3 7 4 9]
 [7 7 6 7 4 5 3 4 3 1 3 3 3 1 1 1]
 [8 5 3 9 5 5 2 5 9 9 8 1 1 2 5 3]
 [5 6 1 6 7 8 9 9 1 7 7 1 7 2 3 1]
 [6 5 8 8 6 2 8 7 1 3 1 5 9 9 3 2]
 [4 4 3 1 8 3 9 8 5 9 3 7 5 7 2 4]
 [6 3 4 3 3 9 6 9 3 7 5 4 3 7 4 6]
 [7 7 9 1 2 3 5 8 2 9 4 8 7 4 4 3]
 [8 4 6 3 2 9 6 7 7 6 3 5 3 9 2 9]
 [7 5 9 7 6 9 1 5 6 9 7 2 4 8 3 1]
 [9 7 1 2 2 4 4 3 6 8 6 1 5 1 2 9]
 [7 4 9 5 1 1 5 9 3 2 6 5 6 4 4 2]]","[[3 8 5 5 4 4 1 6 1 6 2 8 5 7 4 2]
 [1 3 1 2 1 5 9 9 3 5 1 4 4 4 7 5]
 [1 6 8 7 9 2 6 9 6 1 7 7 6 3 6 5]
 [6 2 8 9 3 5 4 3 2 1 1 3 6 7 2 4]
 [6 4 1 6 5 8 4 8 3 5 1 2 6 5 2 3]
 [3 9 8 2 9 2 7 5 9 2 6 5 4 4 3 4]
 [4 7 6 8 6 6 2 7 2 5 8 4 3 5 6 9]
 [5 6 2 8 4 5 7 1 4 4 9 2 8 1 7 9]
 [7 5 9 4 9 7 1 9 1 8 8 2 6 1 4 8]
 [9 2 2 1 7 8 3 1 6 9 8 5 2 6 8 3]
 [8 7 4 1 2 1 5 1 9 8 6 6 5 5 9 5]
 [1 6 4 2 4 7 4 8 9 8 9 9 3 1 9 6]
 [2 7 9 8 7 2 4 3 3 7 4 7 6 3 6 3]
 [5 8 8 6 7 2 8 3 3 1 9 1 6 9 6 5]
 [8 6 1 4 7 1 3 5 1 3 2 7 4 3 8 7]
 [9 4 9 2 1 7 3 9 1 9 9 8 5 8 7 7]]","[[  0.   0.   0.   0.   0.   0.   0.   0.   0.   0.   0.   0.   0.   0.
    0.   0.]
 [  0.   0.   0.   0.   0.   0.   0.   0.   0.   0.   0.   0.   0.   0.
    0.   0.]
 [  0.   0.   0.   0.   0.   0.   0.   0.   0.   0.   0.   0.   0.   0.
    0.   0.]
 [  0.   0.   0.   0.   0.   0.   0.   0.   0.   0.   0.   0.   0.   0.
    0.   0.]
 [  0.   0.   0.   0.   0.   0.   0.   0.   0.   0.   0.   0.   0.   0.
    0.   0.]
 [  0.   0.   0.   0.   0.   0.   0.   0.   0.   0.   0.   0.   0.   0.
    0.   0.]
 [  0.   0.   0.   0.   0.   0.   0.   0.   0.   0.   0.   0.   0.   0.
    0.   0.]
 [  0.   0.   0.   0.   0.   0.   0.   0.   0.   0.   0.   0.   0.   0.
    0.   0.]
 [448. 445. 495. 393.   0.   0.   0.   0.   0.   0.   0.   0.   0.   0.
    0.   0.]
 [397. 441. 429. 396.   0.   0.   0.   0.   0.   0.   0.   0.   0.   0.
    0.   0.]
 [422. 459. 463. 421.   0.   0.   0.   0.   0.   0.   0.   0.   0.   0.
    0.   0.]
 [347. 467. 420. 350.   0.   0.   0.   0.   0.   0.   0.   0.   0.   0.
    0.   0.]
 [  0.   0.   0.   0.   0.   0.   0.   0.   0.   0.   0.   0.   0.   0.
    0.   0.]
 [  0.   0.   0.   0.   0.   0.   0.   0.   0.   0.   0.   0.   0.   0.
    0.   0.]
 [  0.   0.   0.   0.   0.   0.   0.   0.   0.   0.   0.   0.   0.   0.
    0.   0.]
 [  0.   0.   0.   0.   0.   0.   0.   0.   0.   0.   0.   0.   0.   0.
    0.   0.]]"
4,"[[4 2 1 3 3 5 4 5 9 1 2 8 2 7 4 6]
 [7 6 6 9 3 8 8 4 9 2 8 8 3 4 8 2]
 [5 3 2 1 9 1 2 1 9 7 3 1 2 7 5 3]
 [4 5 8 1 5 2 1 3 3 7 1 6 1 2 7 4]
 [9 5 9 6 5 1 5 3 1 6 5 8 3 7 4 9]
 [7 7 6 7 4 5 3 4 3 1 3 3 3 1 1 1]
 [8 5 3 9 5 5 2 5 9 9 8 1 1 2 5 3]
 [5 6 1 6 7 8 9 9 1 7 7 1 7 2 3 1]
 [6 5 8 8 6 2 8 7 1 3 1 5 9 9 3 2]
 [4 4 3 1 8 3 9 8 5 9 3 7 5 7 2 4]
 [6 3 4 3 3 9 6 9 3 7 5 4 3 7 4 6]
 [7 7 9 1 2 3 5 8 2 9 4 8 7 4 4 3]
 [8 4 6 3 2 9 6 7 7 6 3 5 3 9 2 9]
 [7 5 9 7 6 9 1 5 6 9 7 2 4 8 3 1]
 [9 7 1 2 2 4 4 3 6 8 6 1 5 1 2 9]
 [7 4 9 5 1 1 5 9 3 2 6 5 6 4 4 2]]","[[3 8 5 5 4 4 1 6 1 6 2 8 5 7 4 2]
 [1 3 1 2 1 5 9 9 3 5 1 4 4 4 7 5]
 [1 6 8 7 9 2 6 9 6 1 7 7 6 3 6 5]
 [6 2 8 9 3 5 4 3 2 1 1 3 6 7 2 4]
 [6 4 1 6 5 8 4 8 3 5 1 2 6 5 2 3]
 [3 9 8 2 9 2 7 5 9 2 6 5 4 4 3 4]
 [4 7 6 8 6 6 2 7 2 5 8 4 3 5 6 9]
 [5 6 2 8 4 5 7 1 4 4 9 2 8 1 7 9]
 [7 5 9 4 9 7 1 9 1 8 8 2 6 1 4 8]
 [9 2 2 1 7 8 3 1 6 9 8 5 2 6 8 3]
 [8 7 4 1 2 1 5 1 9 8 6 6 5 5 9 5]
 [1 6 4 2 4 7 4 8 9 8 9 9 3 1 9 6]
 [2 7 9 8 7 2 4 3 3 7 4 7 6 3 6 3]
 [5 8 8 6 7 2 8 3 3 1 9 1 6 9 6 5]
 [8 6 1 4 7 1 3 5 1 3 2 7 4 3 8 7]
 [9 4 9 2 1 7 3 9 1 9 9 8 5 8 7 7]]","[[  0.   0.   0.   0.   0.   0.   0.   0.   0.   0.   0.   0.   0.   0.
    0.   0.]
 [  0.   0.   0.   0.   0.   0.   0.   0.   0.   0.   0.   0.   0.   0.
    0.   0.]
 [  0.   0.   0.   0.   0.   0.   0.   0.   0.   0.   0.   0.   0.   0.
    0.   0.]
 [  0.   0.   0.   0.   0.   0.   0.   0.   0.   0.   0.   0.   0.   0.
    0.   0.]
 [  0.   0.   0.   0.   0.   0.   0.   0.   0.   0.   0.   0.   0.   0.
    0.   0.]
 [  0.   0.   0.   0.   0.   0.   0.   0.   0.   0.   0.   0.   0.   0.
    0.   0.]
 [  0.   0.   0.   0.   0.   0.   0.   0.   0.   0.   0.   0.   0.   0.
    0.   0.]
 [  0.   0.   0.   0.   0.   0.   0.   0.   0.   0.   0.   0.   0.   0.
    0.   0.]
 [  0.   0.   0.   0.   0.   0.   0.   0.   0.   0.   0.   0.   0.   0.
    0.   0.]
 [  0.   0.   0.   0.   0.   0.   0.   0.   0.   0.   0.   0.   0.   0.
    0.   0.]
 [  0.   0.   0.   0.   0.   0.   0.   0.   0.   0.   0.   0.   0.   0.
    0.   0.]
 [  0.   0.   0.   0.   0.   0.   0.   0.   0.   0.   0.   0.   0.   0.
    0.   0.]
 [  0.   0.   0.   0.   0.   0.   0.   0. 364. 461. 538. 443.   0.   0.
    0.   0.]
 [  0.   0.   0.   0.   0.   0.   0.   0. 362. 453. 505. 474.   0.   0.
    0.   0.]
 [  0.   0.   0.   0.   0.   0.   0.   0. 276. 339. 327. 346.   0.   0.
    0.   0.]
 [  0.   0.   0.   0.   0.   0.   0.   0. 284. 350. 425. 401.   0.   0.
    0.   0.]]"
4,"[[4 2 1 3 3 5 4 5 9 1 2 8 2 7 4 6]
 [7 6 6 9 3 8 8 4 9 2 8 8 3 4 8 2]
 [5 3 2 1 9 1 2 1 9 7 3 1 2 7 5 3]
 [4 5 8 1 5 2 1 3 3 7 1 6 1 2 7 4]
 [9 5 9 6 5 1 5 3 1 6 5 8 3 7 4 9]
 [7 7 6 7 4 5 3 4 3 1 3 3 3 1 1 1]
 [8 5 3 9 5 5 2 5 9 9 8 1 1 2 5 3]
 [5 6 1 6 7 8 9 9 1 7 7 1 7 2 3 1]
 [6 5 8 8 6 2 8 7 1 3 1 5 9 9 3 2]
 [4 4 3 1 8 3 9 8 5 9 3 7 5 7 2 4]
 [6 3 4 3 3 9 6 9 3 7 5 4 3 7 4 6]
 [7 7 9 1 2 3 5 8 2 9 4 8 7 4 4 3]
 [8 4 6 3 2 9 6 7 7 6 3 5 3 9 2 9]
 [7 5 9 7 6 9 1 5 6 9 7 2 4 8 3 1]
 [9 7 1 2 2 4 4 3 6 8 6 1 5 1 2 9]
 [7 4 9 5 1 1 5 9 3 2 6 5 6 4 4 2]]","[[3 8 5 5 4 4 1 6 1 6 2 8 5 7 4 2]
 [1 3 1 2 1 5 9 9 3 5 1 4 4 4 7 5]
 [1 6 8 7 9 2 6 9 6 1 7 7 6 3 6 5]
 [6 2 8 9 3 5 4 3 2 1 1 3 6 7 2 4]
 [6 4 1 6 5 8 4 8 3 5 1 2 6 5 2 3]
 [3 9 8 2 9 2 7 5 9 2 6 5 4 4 3 4]
 [4 7 6 8 6 6 2 7 2 5 8 4 3 5 6 9]
 [5 6 2 8 4 5 7 1 4 4 9 2 8 1 7 9]
 [7 5 9 4 9 7 1 9 1 8 8 2 6 1 4 8]
 [9 2 2 1 7 8 3 1 6 9 8 5 2 6 8 3]
 [8 7 4 1 2 1 5 1 9 8 6 6 5 5 9 5]
 [1 6 4 2 4 7 4 8 9 8 9 9 3 1 9 6]
 [2 7 9 8 7 2 4 3 3 7 4 7 6 3 6 3]
 [5 8 8 6 7 2 8 3 3 1 9 1 6 9 6 5]
 [8 6 1 4 7 1 3 5 1 3 2 7 4 3 8 7]
 [9 4 9 2 1 7 3 9 1 9 9 8 5 8 7 7]]","[[  0.   0.   0.   0.   0.   0.   0.   0.   0.   0.   0.   0.   0.   0.
    0.   0.]
 [  0.   0.   0.   0.   0.   0.   0.   0.   0.   0.   0.   0.   0.   0.
    0.   0.]
 [  0.   0.   0.   0.   0.   0.   0.   0.   0.   0.   0.   0.   0.   0.
    0.   0.]
 [  0.   0.   0.   0.   0.   0.   0.   0.   0.   0.   0.   0.   0.   0.
    0.   0.]
 [  0.   0.   0.   0.   0.   0.   0.   0.   0.   0.   0.   0.   0.   0.
    0.   0.]
 [  0.   0.   0.   0.   0.   0.   0.   0.   0.   0.   0.   0.   0.   0.
    0.   0.]
 [  0.   0.   0.   0.   0.   0.   0.   0.   0.   0.   0.   0.   0.   0.
    0.   0.]
 [  0.   0.   0.   0.   0.   0.   0.   0.   0.   0.   0.   0.   0.   0.
    0.   0.]
 [  0.   0.   0.   0.   0.   0.   0.   0.   0.   0.   0.   0. 420. 329.
  512. 428.]
 [  0.   0.   0.   0.   0.   0.   0.   0.   0.   0.   0.   0. 400. 360.
  459. 427.]
 [  0.   0.   0.   0.   0.   0.   0.   0.   0.   0.   0.   0. 414. 373.
  479. 414.]
 [  0.   0.   0.   0.   0.   0.   0.   0.   0.   0.   0.   0. 385. 377.
  489. 458.]
 [  0.   0.   0.   0.   0.   0.   0.   0.   0.   0.   0.   0.   0.   0.
    0.   0.]
 [  0.   0.   0.   0.   0.   0.   0.   0.   0.   0.   0.   0.   0.   0.
    0.   0.]
 [  0.   0.   0.   0.   0.   0.   0.   0.   0.   0.   0.   0.   0.   0.
    0.   0.]
 [  0.   0.   0.   0.   0.   0.   0.   0.   0.   0.   0.   0.   0.   0.
    0.   0.]]"
4,"[[4 2 1 3 3 5 4 5 9 1 2 8 2 7 4 6]
 [7 6 6 9 3 8 8 4 9 2 8 8 3 4 8 2]
 [5 3 2 1 9 1 2 1 9 7 3 1 2 7 5 3]
 [4 5 8 1 5 2 1 3 3 7 1 6 1 2 7 4]
 [9 5 9 6 5 1 5 3 1 6 5 8 3 7 4 9]
 [7 7 6 7 4 5 3 4 3 1 3 3 3 1 1 1]
 [8 5 3 9 5 5 2 5 9 9 8 1 1 2 5 3]
 [5 6 1 6 7 8 9 9 1 7 7 1 7 2 3 1]
 [6 5 8 8 6 2 8 7 1 3 1 5 9 9 3 2]
 [4 4 3 1 8 3 9 8 5 9 3 7 5 7 2 4]
 [6 3 4 3 3 9 6 9 3 7 5 4 3 7 4 6]
 [7 7 9 1 2 3 5 8 2 9 4 8 7 4 4 3]
 [8 4 6 3 2 9 6 7 7 6 3 5 3 9 2 9]
 [7 5 9 7 6 9 1 5 6 9 7 2 4 8 3 1]
 [9 7 1 2 2 4 4 3 6 8 6 1 5 1 2 9]
 [7 4 9 5 1 1 5 9 3 2 6 5 6 4 4 2]]","[[3 8 5 5 4 4 1 6 1 6 2 8 5 7 4 2]
 [1 3 1 2 1 5 9 9 3 5 1 4 4 4 7 5]
 [1 6 8 7 9 2 6 9 6 1 7 7 6 3 6 5]
 [6 2 8 9 3 5 4 3 2 1 1 3 6 7 2 4]
 [6 4 1 6 5 8 4 8 3 5 1 2 6 5 2 3]
 [3 9 8 2 9 2 7 5 9 2 6 5 4 4 3 4]
 [4 7 6 8 6 6 2 7 2 5 8 4 3 5 6 9]
 [5 6 2 8 4 5 7 1 4 4 9 2 8 1 7 9]
 [7 5 9 4 9 7 1 9 1 8 8 2 6 1 4 8]
 [9 2 2 1 7 8 3 1 6 9 8 5 2 6 8 3]
 [8 7 4 1 2 1 5 1 9 8 6 6 5 5 9 5]
 [1 6 4 2 4 7 4 8 9 8 9 9 3 1 9 6]
 [2 7 9 8 7 2 4 3 3 7 4 7 6 3 6 3]
 [5 8 8 6 7 2 8 3 3 1 9 1 6 9 6 5]
 [8 6 1 4 7 1 3 5 1 3 2 7 4 3 8 7]
 [9 4 9 2 1 7 3 9 1 9 9 8 5 8 7 7]]","[[  0.   0.   0.   0.   0.   0.   0.   0.   0.   0.   0.   0.   0.   0.
    0.   0.]
 [  0.   0.   0.   0.   0.   0.   0.   0.   0.   0.   0.   0.   0.   0.
    0.   0.]
 [  0.   0.   0.   0.   0.   0.   0.   0.   0.   0.   0.   0.   0.   0.
    0.   0.]
 [  0.   0.   0.   0.   0.   0.   0.   0.   0.   0.   0.   0.   0.   0.
    0.   0.]
 [  0.   0.   0.   0.   0.   0.   0.   0.   0.   0.   0.   0.   0.   0.
    0.   0.]
 [  0.   0.   0.   0.   0.   0.   0.   0.   0.   0.   0.   0.   0.   0.
    0.   0.]
 [  0.   0.   0.   0.   0.   0.   0.   0.   0.   0.   0.   0.   0.   0.
    0.   0.]
 [  0.   0.   0.   0.   0.   0.   0.   0.   0.   0.   0.   0.   0.   0.
    0.   0.]
 [  0.   0.   0.   0.   0.   0.   0.   0.   0.   0.   0.   0.   0.   0.
    0.   0.]
 [  0.   0.   0.   0.   0.   0.   0.   0.   0.   0.   0.   0.   0.   0.
    0.   0.]
 [  0.   0.   0.   0.   0.   0.   0.   0.   0.   0.   0.   0.   0.   0.
    0.   0.]
 [  0.   0.   0.   0.   0.   0.   0.   0.   0.   0.   0.   0.   0.   0.
    0.   0.]
 [398. 512. 465. 386.   0.   0.   0.   0.   0.   0.   0.   0.   0.   0.
    0.   0.]
 [436. 491. 507. 466.   0.   0.   0.   0.   0.   0.   0.   0.   0.   0.
    0.   0.]
 [404. 427. 425. 318.   0.   0.   0.   0.   0.   0.   0.   0.   0.   0.
    0.   0.]
 [325. 437. 379. 395.   0.   0.   0.   0.   0.   0.   0.   0.   0.   0.
    0.   0.]]"
4,"[[4 2 1 3 3 5 4 5 9 1 2 8 2 7 4 6]
 [7 6 6 9 3 8 8 4 9 2 8 8 3 4 8 2]
 [5 3 2 1 9 1 2 1 9 7 3 1 2 7 5 3]
 [4 5 8 1 5 2 1 3 3 7 1 6 1 2 7 4]
 [9 5 9 6 5 1 5 3 1 6 5 8 3 7 4 9]
 [7 7 6 7 4 5 3 4 3 1 3 3 3 1 1 1]
 [8 5 3 9 5 5 2 5 9 9 8 1 1 2 5 3]
 [5 6 1 6 7 8 9 9 1 7 7 1 7 2 3 1]
 [6 5 8 8 6 2 8 7 1 3 1 5 9 9 3 2]
 [4 4 3 1 8 3 9 8 5 9 3 7 5 7 2 4]
 [6 3 4 3 3 9 6 9 3 7 5 4 3 7 4 6]
 [7 7 9 1 2 3 5 8 2 9 4 8 7 4 4 3]
 [8 4 6 3 2 9 6 7 7 6 3 5 3 9 2 9]
 [7 5 9 7 6 9 1 5 6 9 7 2 4 8 3 1]
 [9 7 1 2 2 4 4 3 6 8 6 1 5 1 2 9]
 [7 4 9 5 1 1 5 9 3 2 6 5 6 4 4 2]]","[[3 8 5 5 4 4 1 6 1 6 2 8 5 7 4 2]
 [1 3 1 2 1 5 9 9 3 5 1 4 4 4 7 5]
 [1 6 8 7 9 2 6 9 6 1 7 7 6 3 6 5]
 [6 2 8 9 3 5 4 3 2 1 1 3 6 7 2 4]
 [6 4 1 6 5 8 4 8 3 5 1 2 6 5 2 3]
 [3 9 8 2 9 2 7 5 9 2 6 5 4 4 3 4]
 [4 7 6 8 6 6 2 7 2 5 8 4 3 5 6 9]
 [5 6 2 8 4 5 7 1 4 4 9 2 8 1 7 9]
 [7 5 9 4 9 7 1 9 1 8 8 2 6 1 4 8]
 [9 2 2 1 7 8 3 1 6 9 8 5 2 6 8 3]
 [8 7 4 1 2 1 5 1 9 8 6 6 5 5 9 5]
 [1 6 4 2 4 7 4 8 9 8 9 9 3 1 9 6]
 [2 7 9 8 7 2 4 3 3 7 4 7 6 3 6 3]
 [5 8 8 6 7 2 8 3 3 1 9 1 6 9 6 5]
 [8 6 1 4 7 1 3 5 1 3 2 7 4 3 8 7]
 [9 4 9 2 1 7 3 9 1 9 9 8 5 8 7 7]]","[[  0.   0.   0.   0.   0.   0.   0.   0.   0.   0.   0.   0.   0.   0.
    0.   0.]
 [  0.   0.   0.   0.   0.   0.   0.   0.   0.   0.   0.   0.   0.   0.
    0.   0.]
 [  0.   0.   0.   0.   0.   0.   0.   0.   0.   0.   0.   0.   0.   0.
    0.   0.]
 [  0.   0.   0.   0.   0.   0.   0.   0.   0.   0.   0.   0.   0.   0.
    0.   0.]
 [  0.   0.   0.   0.   0.   0.   0.   0.   0.   0.   0.   0.   0.   0.
    0.   0.]
 [  0.   0.   0.   0.   0.   0.   0.   0.   0.   0.   0.   0.   0.   0.
    0.   0.]
 [  0.   0.   0.   0.   0.   0.   0.   0.   0.   0.   0.   0.   0.   0.
    0.   0.]
 [  0.   0.   0.   0.   0.   0.   0.   0.   0.   0.   0.   0.   0.   0.
    0.   0.]
 [  0.   0.   0.   0.   0.   0.   0.   0.   0.   0.   0.   0.   0.   0.
    0.   0.]
 [  0.   0.   0.   0.   0.   0.   0.   0.   0.   0.   0.   0.   0.   0.
    0.   0.]
 [  0.   0.   0.   0.   0.   0.   0.   0.   0.   0.   0.   0.   0.   0.
    0.   0.]
 [  0.   0.   0.   0.   0.   0.   0.   0.   0.   0.   0.   0.   0.   0.
    0.   0.]
 [  0.   0.   0.   0.   0.   0.   0.   0.   0.   0.   0.   0. 441. 374.
  510. 458.]
 [  0.   0.   0.   0.   0.   0.   0.   0.   0.   0.   0.   0. 409. 419.
  499. 505.]
 [  0.   0.   0.   0.   0.   0.   0.   0.   0.   0.   0.   0. 345. 321.
  422. 402.]
 [  0.   0.   0.   0.   0.   0.   0.   0.   0.   0.   0.   0. 341. 345.
  411. 402.]]"
